{"cameraMode":{"drawMode":0,"name":"Shaded","section":"Shading Mode"},"sceneLighting":true,"audioPlay":false,"sceneViewState":{"showFog":true,"showMaterialUpdate":false,"showSkybox":true,"showFlares":true,"showImageEffects":true,"showParticleSystems":true},"in2DMode":false,"pivot":{"x":-1.5014333724975587,"y":-6.783164024353027,"z":-5.634735584259033},"rotation":{"x":0.0361979603767395,"y":0.9319867491722107,"z":-0.3474110960960388,"w":0.0970895066857338},"size":16.542469024658204,"orthographic":false}